fullName,email,phone,program,department,session,matricPercent,fscPercent,gender,city
Test Student 1000,student1000@test.gcuf.edu.pk,030010000000,BSCS,CS,2024-2028,63.3,72.4,Female,Lahore
Test Student 1001,student1001@test.gcuf.edu.pk,030010010000,BSCS,CS,2024-2028,68.1,94.4,Male,Lahore
Test Student 1002,student1002@test.gcuf.edu.pk,030010020000,BSCS,CS,2024-2028,76.4,83.4,Male,Faisalabad
Test Student 1003,student1003@test.gcuf.edu.pk,030010030000,BSCS,CS,2024-2028,77.9,76.0,Female,Islamabad
Test Student 1004,student1004@test.gcuf.edu.pk,030010040000,BSCS,CS,2024-2028,69.8,62.0,Male,Multan
Test Student 1005,student1005@test.gcuf.edu.pk,030010050000,BSCS,CS,2024-2028,61.9,75.7,Male,Karachi
Test Student 1006,student1006@test.gcuf.edu.pk,030010060000,BSCS,CS,2024-2028,79.8,61.9,Male,Lahore
Test Student 1007,student1007@test.gcuf.edu.pk,030010070000,BSCS,CS,2024-2028,72.4,69.4,Male,Multan
Test Student 1008,student1008@test.gcuf.edu.pk,030010080000,BSCS,CS,2024-2028,85.1,86.8,Male,Islamabad
Test Student 1009,student1009@test.gcuf.edu.pk,030010090000,BSCS,CS,2024-2028,73.8,64.4,Female,Faisalabad
Test Student 1010,student1010@test.gcuf.edu.pk,030010100000,BSCS,CS,2024-2028,91.2,61.3,Male,Islamabad
Test Student 1011,student1011@test.gcuf.edu.pk,030010110000,BSCS,CS,2024-2028,86.6,75.2,Female,Multan
Test Student 1012,student1012@test.gcuf.edu.pk,030010120000,BSCS,CS,2024-2028,87.7,61.1,Male,Karachi
Test Student 1013,student1013@test.gcuf.edu.pk,030010130000,BSCS,CS,2024-2028,69.1,79.1,Male,Karachi
Test Student 1014,student1014@test.gcuf.edu.pk,030010140000,BSCS,CS,2024-2028,74.4,91.2,Male,Islamabad
Test Student 1015,student1015@test.gcuf.edu.pk,030010150000,BSCS,CS,2024-2028,80.3,71.4,Female,Lahore
Test Student 1016,student1016@test.gcuf.edu.pk,030010160000,BSCS,CS,2024-2028,71.1,61.2,Female,Multan
Test Student 1017,student1017@test.gcuf.edu.pk,030010170000,BSCS,CS,2024-2028,78.1,86.1,Male,Multan
Test Student 1018,student1018@test.gcuf.edu.pk,030010180000,BSCS,CS,2024-2028,82.6,92.1,Male,Rawalpindi
Test Student 1019,student1019@test.gcuf.edu.pk,030010190000,BSCS,CS,2024-2028,80.4,74.7,Male,Multan
Test Student 1020,student1020@test.gcuf.edu.pk,030010200000,BSCS,CS,2024-2028,69.4,95.0,Female,Rawalpindi
Test Student 1021,student1021@test.gcuf.edu.pk,030010210000,BSCS,CS,2024-2028,86.4,87.0,Male,Islamabad
Test Student 1022,student1022@test.gcuf.edu.pk,030010220000,BSCS,CS,2024-2028,86.2,93.0,Female,Rawalpindi
Test Student 1023,student1023@test.gcuf.edu.pk,030010230000,BSCS,CS,2024-2028,76.2,85.0,Male,Faisalabad
Test Student 1024,student1024@test.gcuf.edu.pk,030010240000,BSCS,CS,2024-2028,83.8,65.8,Male,Multan
Test Student 1025,student1025@test.gcuf.edu.pk,030010250000,BSCS,CS,2024-2028,74.3,63.8,Male,Islamabad
Test Student 1026,student1026@test.gcuf.edu.pk,030010260000,BSCS,CS,2024-2028,76.6,92.2,Female,Islamabad
Test Student 1027,student1027@test.gcuf.edu.pk,030010270000,BSCS,CS,2024-2028,82.0,74.0,Female,Karachi
Test Student 1028,student1028@test.gcuf.edu.pk,030010280000,BSCS,CS,2024-2028,70.2,66.7,Female,Islamabad
Test Student 1029,student1029@test.gcuf.edu.pk,030010290000,BSCS,CS,2024-2028,90.6,65.7,Female,Rawalpindi
Test Student 1030,student1030@test.gcuf.edu.pk,030010300000,BSCS,CS,2024-2028,79.9,73.0,Male,Rawalpindi
Test Student 1031,student1031@test.gcuf.edu.pk,030010310000,BSCS,CS,2024-2028,82.5,79.5,Male,Lahore
Test Student 1032,student1032@test.gcuf.edu.pk,030010320000,BSCS,CS,2024-2028,84.0,85.7,Male,Karachi
Test Student 1033,student1033@test.gcuf.edu.pk,030010330000,BSCS,CS,2024-2028,80.8,64.8,Male,Faisalabad
Test Student 1034,student1034@test.gcuf.edu.pk,030010340000,BSCS,CS,2024-2028,73.0,93.4,Male,Lahore
Test Student 1035,student1035@test.gcuf.edu.pk,030010350000,BSCS,CS,2024-2028,85.9,81.0,Male,Rawalpindi
Test Student 1036,student1036@test.gcuf.edu.pk,030010360000,BSCS,CS,2024-2028,86.9,60.1,Male,Lahore
Test Student 1037,student1037@test.gcuf.edu.pk,030010370000,BSCS,CS,2024-2028,81.2,90.1,Male,Lahore
Test Student 1038,student1038@test.gcuf.edu.pk,030010380000,BSCS,CS,2024-2028,82.6,92.3,Male,Rawalpindi
Test Student 1039,student1039@test.gcuf.edu.pk,030010390000,BSCS,CS,2024-2028,84.0,91.7,Female,Faisalabad
Test Student 1040,student1040@test.gcuf.edu.pk,030010400000,BSCS,CS,2024-2028,62.4,86.3,Female,Karachi
Test Student 1041,student1041@test.gcuf.edu.pk,030010410000,BSCS,CS,2024-2028,68.5,68.8,Female,Rawalpindi
Test Student 1042,student1042@test.gcuf.edu.pk,030010420000,BSCS,CS,2024-2028,83.6,63.3,Male,Islamabad
Test Student 1043,student1043@test.gcuf.edu.pk,030010430000,BSCS,CS,2024-2028,86.1,62.8,Male,Faisalabad
Test Student 1044,student1044@test.gcuf.edu.pk,030010440000,BSCS,CS,2024-2028,73.5,60.4,Male,Rawalpindi
Test Student 1045,student1045@test.gcuf.edu.pk,030010450000,BSCS,CS,2024-2028,70.6,89.2,Male,Lahore
Test Student 1046,student1046@test.gcuf.edu.pk,030010460000,BSCS,CS,2024-2028,75.6,70.4,Female,Faisalabad
Test Student 1047,student1047@test.gcuf.edu.pk,030010470000,BSCS,CS,2024-2028,88.2,60.1,Female,Multan
Test Student 1048,student1048@test.gcuf.edu.pk,030010480000,BSCS,CS,2024-2028,86.9,69.1,Female,Rawalpindi
Test Student 1049,student1049@test.gcuf.edu.pk,030010490000,BSCS,CS,2024-2028,81.2,89.1,Male,Multan
Test Student 1050,student1050@test.gcuf.edu.pk,030010500000,BSCS,CS,2024-2028,79.6,77.8,Male,Islamabad
Test Student 1051,student1051@test.gcuf.edu.pk,030010510000,BSCS,CS,2024-2028,88.7,89.7,Male,Multan
Test Student 1052,student1052@test.gcuf.edu.pk,030010520000,BSCS,CS,2024-2028,69.4,82.3,Female,Rawalpindi
Test Student 1053,student1053@test.gcuf.edu.pk,030010530000,BSCS,CS,2024-2028,83.8,70.8,Female,Rawalpindi
Test Student 1054,student1054@test.gcuf.edu.pk,030010540000,BSCS,CS,2024-2028,70.5,66.0,Female,Islamabad
Test Student 1055,student1055@test.gcuf.edu.pk,030010550000,BSCS,CS,2024-2028,61.5,89.5,Female,Multan
Test Student 1056,student1056@test.gcuf.edu.pk,030010560000,BSCS,CS,2024-2028,85.2,70.5,Female,Faisalabad
Test Student 1057,student1057@test.gcuf.edu.pk,030010570000,BSCS,CS,2024-2028,81.4,65.2,Male,Rawalpindi
Test Student 1058,student1058@test.gcuf.edu.pk,030010580000,BSCS,CS,2024-2028,73.5,66.5,Male,Karachi
Test Student 1059,student1059@test.gcuf.edu.pk,030010590000,BSCS,CS,2024-2028,80.1,73.6,Male,Multan
Test Student 1060,student1060@test.gcuf.edu.pk,030010600000,BSCS,CS,2024-2028,77.9,73.6,Female,Lahore
Test Student 1061,student1061@test.gcuf.edu.pk,030010610000,BSCS,CS,2024-2028,83.1,70.9,Male,Faisalabad
Test Student 1062,student1062@test.gcuf.edu.pk,030010620000,BSCS,CS,2024-2028,92.6,64.3,Male,Karachi
Test Student 1063,student1063@test.gcuf.edu.pk,030010630000,BSCS,CS,2024-2028,64.7,62.0,Male,Karachi
Test Student 1064,student1064@test.gcuf.edu.pk,030010640000,BSCS,CS,2024-2028,64.3,63.0,Female,Faisalabad
Test Student 1065,student1065@test.gcuf.edu.pk,030010650000,BSCS,CS,2024-2028,60.4,61.8,Male,Faisalabad
Test Student 1066,student1066@test.gcuf.edu.pk,030010660000,BSCS,CS,2024-2028,86.8,75.4,Male,Multan
Test Student 1067,student1067@test.gcuf.edu.pk,030010670000,BSCS,CS,2024-2028,75.4,88.1,Female,Faisalabad
Test Student 1068,student1068@test.gcuf.edu.pk,030010680000,BSCS,CS,2024-2028,81.0,85.7,Female,Rawalpindi
Test Student 1069,student1069@test.gcuf.edu.pk,030010690000,BSCS,CS,2024-2028,73.9,69.3,Male,Faisalabad
Test Student 1070,student1070@test.gcuf.edu.pk,030010700000,BSCS,CS,2024-2028,85.7,80.5,Male,Rawalpindi
Test Student 1071,student1071@test.gcuf.edu.pk,030010710000,BSCS,CS,2024-2028,86.8,84.6,Male,Karachi
Test Student 1072,student1072@test.gcuf.edu.pk,030010720000,BSCS,CS,2024-2028,73.5,69.5,Male,Faisalabad
Test Student 1073,student1073@test.gcuf.edu.pk,030010730000,BSCS,CS,2024-2028,85.5,78.5,Male,Lahore
Test Student 1074,student1074@test.gcuf.edu.pk,030010740000,BSCS,CS,2024-2028,79.6,90.0,Female,Faisalabad
Test Student 1075,student1075@test.gcuf.edu.pk,030010750000,BSCS,CS,2024-2028,73.8,73.9,Female,Rawalpindi
Test Student 1076,student1076@test.gcuf.edu.pk,030010760000,BSCS,CS,2024-2028,83.4,81.3,Female,Karachi
Test Student 1077,student1077@test.gcuf.edu.pk,030010770000,BSCS,CS,2024-2028,81.3,82.7,Female,Faisalabad
Test Student 1078,student1078@test.gcuf.edu.pk,030010780000,BSCS,CS,2024-2028,89.2,64.3,Female,Faisalabad
Test Student 1079,student1079@test.gcuf.edu.pk,030010790000,BSCS,CS,2024-2028,75.2,68.3,Male,Faisalabad
Test Student 1080,student1080@test.gcuf.edu.pk,030010800000,BSCS,CS,2024-2028,83.3,94.4,Female,Lahore
Test Student 1081,student1081@test.gcuf.edu.pk,030010810000,BSCS,CS,2024-2028,64.2,91.4,Female,Rawalpindi
Test Student 1082,student1082@test.gcuf.edu.pk,030010820000,BSCS,CS,2024-2028,71.9,88.6,Female,Multan
Test Student 1083,student1083@test.gcuf.edu.pk,030010830000,BSCS,CS,2024-2028,64.7,60.6,Male,Faisalabad
Test Student 1084,student1084@test.gcuf.edu.pk,030010840000,BSCS,CS,2024-2028,67.0,68.4,Female,Multan
Test Student 1085,student1085@test.gcuf.edu.pk,030010850000,BSCS,CS,2024-2028,64.4,86.9,Female,Islamabad
Test Student 1086,student1086@test.gcuf.edu.pk,030010860000,BSCS,CS,2024-2028,89.7,83.0,Female,Faisalabad
Test Student 1087,student1087@test.gcuf.edu.pk,030010870000,BSCS,CS,2024-2028,72.9,83.8,Female,Karachi
Test Student 1088,student1088@test.gcuf.edu.pk,030010880000,BSCS,CS,2024-2028,78.9,67.5,Male,Lahore
Test Student 1089,student1089@test.gcuf.edu.pk,030010890000,BSCS,CS,2024-2028,73.3,62.0,Male,Islamabad
Test Student 1090,student1090@test.gcuf.edu.pk,030010900000,BSCS,CS,2024-2028,78.2,94.9,Male,Multan
Test Student 1091,student1091@test.gcuf.edu.pk,030010910000,BSCS,CS,2024-2028,65.0,90.8,Male,Multan
Test Student 1092,student1092@test.gcuf.edu.pk,030010920000,BSCS,CS,2024-2028,67.7,62.8,Female,Islamabad
Test Student 1093,student1093@test.gcuf.edu.pk,030010930000,BSCS,CS,2024-2028,66.4,85.5,Female,Faisalabad
Test Student 1094,student1094@test.gcuf.edu.pk,030010940000,BSCS,CS,2024-2028,66.5,78.2,Female,Multan
Test Student 1095,student1095@test.gcuf.edu.pk,030010950000,BSCS,CS,2024-2028,77.8,77.4,Female,Rawalpindi
Test Student 1096,student1096@test.gcuf.edu.pk,030010960000,BSCS,CS,2024-2028,71.7,61.0,Female,Faisalabad
Test Student 1097,student1097@test.gcuf.edu.pk,030010970000,BSCS,CS,2024-2028,82.2,64.4,Female,Multan
Test Student 1098,student1098@test.gcuf.edu.pk,030010980000,BSCS,CS,2024-2028,76.4,87.5,Male,Rawalpindi
Test Student 1099,student1099@test.gcuf.edu.pk,030010990000,BSCS,CS,2024-2028,92.0,94.5,Female,Karachi
Test Student 1100,student1100@test.gcuf.edu.pk,030011000000,BSCS,CS,2024-2028,78.5,84.7,Female,Multan
Test Student 1101,student1101@test.gcuf.edu.pk,030011010000,BSCS,CS,2024-2028,86.6,65.8,Female,Faisalabad
Test Student 1102,student1102@test.gcuf.edu.pk,030011020000,BSCS,CS,2024-2028,93.2,68.4,Female,Rawalpindi
Test Student 1103,student1103@test.gcuf.edu.pk,030011030000,BSCS,CS,2024-2028,83.4,76.0,Male,Rawalpindi
Test Student 1104,student1104@test.gcuf.edu.pk,030011040000,BSCS,CS,2024-2028,60.9,62.5,Male,Islamabad
Test Student 1105,student1105@test.gcuf.edu.pk,030011050000,BSCS,CS,2024-2028,85.7,81.6,Male,Multan
Test Student 1106,student1106@test.gcuf.edu.pk,030011060000,BSCS,CS,2024-2028,89.0,76.3,Male,Faisalabad
Test Student 1107,student1107@test.gcuf.edu.pk,030011070000,BSCS,CS,2024-2028,88.2,70.0,Male,Faisalabad
Test Student 1108,student1108@test.gcuf.edu.pk,030011080000,BSCS,CS,2024-2028,60.1,87.4,Female,Multan
Test Student 1109,student1109@test.gcuf.edu.pk,030011090000,BSCS,CS,2024-2028,91.4,72.3,Male,Rawalpindi
Test Student 1110,student1110@test.gcuf.edu.pk,030011100000,BSCS,CS,2024-2028,64.4,60.1,Male,Islamabad
Test Student 1111,student1111@test.gcuf.edu.pk,030011110000,BSCS,CS,2024-2028,68.1,70.3,Female,Rawalpindi
Test Student 1112,student1112@test.gcuf.edu.pk,030011120000,BSCS,CS,2024-2028,64.5,62.6,Male,Faisalabad
Test Student 1113,student1113@test.gcuf.edu.pk,030011130000,BSCS,CS,2024-2028,76.6,92.6,Female,Islamabad
Test Student 1114,student1114@test.gcuf.edu.pk,030011140000,BSCS,CS,2024-2028,77.0,84.7,Female,Karachi
Test Student 1115,student1115@test.gcuf.edu.pk,030011150000,BSCS,CS,2024-2028,84.9,65.4,Female,Rawalpindi
Test Student 1116,student1116@test.gcuf.edu.pk,030011160000,BSCS,CS,2024-2028,74.4,93.0,Male,Islamabad
Test Student 1117,student1117@test.gcuf.edu.pk,030011170000,BSCS,CS,2024-2028,86.5,68.4,Male,Rawalpindi
Test Student 1118,student1118@test.gcuf.edu.pk,030011180000,BSCS,CS,2024-2028,67.1,92.4,Male,Karachi
Test Student 1119,student1119@test.gcuf.edu.pk,030011190000,BSCS,CS,2024-2028,66.6,73.1,Male,Rawalpindi
Test Student 1120,student1120@test.gcuf.edu.pk,030011200000,BSCS,CS,2024-2028,73.0,86.0,Male,Faisalabad
Test Student 1121,student1121@test.gcuf.edu.pk,030011210000,BSCS,CS,2024-2028,86.7,82.9,Female,Multan
Test Student 1122,student1122@test.gcuf.edu.pk,030011220000,BSCS,CS,2024-2028,73.5,69.1,Male,Multan
Test Student 1123,student1123@test.gcuf.edu.pk,030011230000,BSCS,CS,2024-2028,66.8,89.0,Female,Karachi
Test Student 1124,student1124@test.gcuf.edu.pk,030011240000,BSCS,CS,2024-2028,63.3,73.9,Male,Faisalabad
Test Student 1125,student1125@test.gcuf.edu.pk,030011250000,BSCS,CS,2024-2028,87.0,79.6,Female,Multan
Test Student 1126,student1126@test.gcuf.edu.pk,030011260000,BSCS,CS,2024-2028,81.3,73.2,Female,Rawalpindi
Test Student 1127,student1127@test.gcuf.edu.pk,030011270000,BSCS,CS,2024-2028,86.6,64.5,Female,Islamabad
Test Student 1128,student1128@test.gcuf.edu.pk,030011280000,BSCS,CS,2024-2028,83.6,62.8,Male,Islamabad
Test Student 1129,student1129@test.gcuf.edu.pk,030011290000,BSCS,CS,2024-2028,78.7,60.8,Female,Rawalpindi
Test Student 1130,student1130@test.gcuf.edu.pk,030011300000,BSCS,CS,2024-2028,70.0,68.6,Female,Faisalabad
Test Student 1131,student1131@test.gcuf.edu.pk,030011310000,BSCS,CS,2024-2028,79.1,84.3,Male,Rawalpindi
Test Student 1132,student1132@test.gcuf.edu.pk,030011320000,BSCS,CS,2024-2028,93.4,63.5,Male,Islamabad
Test Student 1133,student1133@test.gcuf.edu.pk,030011330000,BSCS,CS,2024-2028,69.7,63.1,Female,Faisalabad
Test Student 1134,student1134@test.gcuf.edu.pk,030011340000,BSCS,CS,2024-2028,88.5,62.8,Female,Multan
Test Student 1135,student1135@test.gcuf.edu.pk,030011350000,BSCS,CS,2024-2028,71.8,80.1,Female,Rawalpindi
Test Student 1136,student1136@test.gcuf.edu.pk,030011360000,BSCS,CS,2024-2028,82.8,89.4,Male,Karachi
Test Student 1137,student1137@test.gcuf.edu.pk,030011370000,BSCS,CS,2024-2028,93.6,65.7,Male,Islamabad
Test Student 1138,student1138@test.gcuf.edu.pk,030011380000,BSCS,CS,2024-2028,70.6,82.7,Male,Rawalpindi
Test Student 1139,student1139@test.gcuf.edu.pk,030011390000,BSCS,CS,2024-2028,84.9,68.2,Female,Faisalabad
Test Student 1140,student1140@test.gcuf.edu.pk,030011400000,BSCS,CS,2024-2028,83.2,72.6,Male,Islamabad
Test Student 1141,student1141@test.gcuf.edu.pk,030011410000,BSCS,CS,2024-2028,86.1,68.7,Female,Karachi
Test Student 1142,student1142@test.gcuf.edu.pk,030011420000,BSCS,CS,2024-2028,70.5,64.0,Male,Karachi
Test Student 1143,student1143@test.gcuf.edu.pk,030011430000,BSCS,CS,2024-2028,93.9,82.8,Female,Rawalpindi
Test Student 1144,student1144@test.gcuf.edu.pk,030011440000,BSCS,CS,2024-2028,87.0,68.8,Male,Karachi
Test Student 1145,student1145@test.gcuf.edu.pk,030011450000,BSCS,CS,2024-2028,70.0,63.3,Male,Lahore
Test Student 1146,student1146@test.gcuf.edu.pk,030011460000,BSCS,CS,2024-2028,89.2,88.5,Male,Faisalabad
Test Student 1147,student1147@test.gcuf.edu.pk,030011470000,BSCS,CS,2024-2028,84.9,85.2,Female,Faisalabad
Test Student 1148,student1148@test.gcuf.edu.pk,030011480000,BSCS,CS,2024-2028,89.2,61.9,Male,Faisalabad
Test Student 1149,student1149@test.gcuf.edu.pk,030011490000,BSCS,CS,2024-2028,82.5,88.7,Female,Islamabad
Test Student 1150,student1150@test.gcuf.edu.pk,030011500000,BSCS,CS,2024-2028,85.3,90.5,Female,Karachi
Test Student 1151,student1151@test.gcuf.edu.pk,030011510000,BSCS,CS,2024-2028,63.0,81.5,Female,Faisalabad
Test Student 1152,student1152@test.gcuf.edu.pk,030011520000,BSCS,CS,2024-2028,70.5,82.6,Female,Rawalpindi
Test Student 1153,student1153@test.gcuf.edu.pk,030011530000,BSCS,CS,2024-2028,82.8,68.8,Male,Faisalabad
Test Student 1154,student1154@test.gcuf.edu.pk,030011540000,BSCS,CS,2024-2028,80.0,94.6,Female,Islamabad
Test Student 1155,student1155@test.gcuf.edu.pk,030011550000,BSCS,CS,2024-2028,66.9,80.8,Female,Rawalpindi
Test Student 1156,student1156@test.gcuf.edu.pk,030011560000,BSCS,CS,2024-2028,92.6,71.0,Female,Rawalpindi
Test Student 1157,student1157@test.gcuf.edu.pk,030011570000,BSCS,CS,2024-2028,77.7,74.8,Male,Karachi
Test Student 1158,student1158@test.gcuf.edu.pk,030011580000,BSCS,CS,2024-2028,91.0,74.6,Female,Multan
Test Student 1159,student1159@test.gcuf.edu.pk,030011590000,BSCS,CS,2024-2028,79.9,62.2,Female,Rawalpindi
Test Student 1160,student1160@test.gcuf.edu.pk,030011600000,BSCS,CS,2024-2028,72.5,83.2,Female,Faisalabad
Test Student 1161,student1161@test.gcuf.edu.pk,030011610000,BSCS,CS,2024-2028,74.2,63.8,Female,Rawalpindi
Test Student 1162,student1162@test.gcuf.edu.pk,030011620000,BSCS,CS,2024-2028,74.2,72.2,Male,Multan
Test Student 1163,student1163@test.gcuf.edu.pk,030011630000,BSCS,CS,2024-2028,67.6,89.6,Male,Islamabad
Test Student 1164,student1164@test.gcuf.edu.pk,030011640000,BSCS,CS,2024-2028,65.8,85.1,Male,Lahore
Test Student 1165,student1165@test.gcuf.edu.pk,030011650000,BSCS,CS,2024-2028,89.9,74.2,Female,Lahore
Test Student 1166,student1166@test.gcuf.edu.pk,030011660000,BSCS,CS,2024-2028,65.0,86.4,Male,Rawalpindi
Test Student 1167,student1167@test.gcuf.edu.pk,030011670000,BSCS,CS,2024-2028,62.7,63.9,Female,Karachi
Test Student 1168,student1168@test.gcuf.edu.pk,030011680000,BSCS,CS,2024-2028,65.4,72.5,Female,Lahore
Test Student 1169,student1169@test.gcuf.edu.pk,030011690000,BSCS,CS,2024-2028,62.5,66.6,Female,Karachi
Test Student 1170,student1170@test.gcuf.edu.pk,030011700000,BSCS,CS,2024-2028,77.5,95.0,Female,Lahore
Test Student 1171,student1171@test.gcuf.edu.pk,030011710000,BSCS,CS,2024-2028,84.9,77.6,Female,Islamabad
Test Student 1172,student1172@test.gcuf.edu.pk,030011720000,BSCS,CS,2024-2028,87.1,84.0,Female,Multan
Test Student 1173,student1173@test.gcuf.edu.pk,030011730000,BSCS,CS,2024-2028,87.7,85.4,Male,Rawalpindi
Test Student 1174,student1174@test.gcuf.edu.pk,030011740000,BSCS,CS,2024-2028,77.6,79.4,Female,Islamabad
Test Student 1175,student1175@test.gcuf.edu.pk,030011750000,BSCS,CS,2024-2028,93.2,75.4,Female,Karachi
Test Student 1176,student1176@test.gcuf.edu.pk,030011760000,BSCS,CS,2024-2028,63.8,84.9,Female,Islamabad
Test Student 1177,student1177@test.gcuf.edu.pk,030011770000,BSCS,CS,2024-2028,78.9,92.1,Male,Islamabad
Test Student 1178,student1178@test.gcuf.edu.pk,030011780000,BSCS,CS,2024-2028,74.5,60.3,Male,Faisalabad
Test Student 1179,student1179@test.gcuf.edu.pk,030011790000,BSCS,CS,2024-2028,82.3,86.8,Male,Multan
Test Student 1180,student1180@test.gcuf.edu.pk,030011800000,BSCS,CS,2024-2028,68.7,68.2,Male,Karachi
Test Student 1181,student1181@test.gcuf.edu.pk,030011810000,BSCS,CS,2024-2028,80.7,81.6,Male,Karachi
Test Student 1182,student1182@test.gcuf.edu.pk,030011820000,BSCS,CS,2024-2028,81.7,61.8,Male,Islamabad
Test Student 1183,student1183@test.gcuf.edu.pk,030011830000,BSCS,CS,2024-2028,85.3,87.8,Female,Islamabad
Test Student 1184,student1184@test.gcuf.edu.pk,030011840000,BSCS,CS,2024-2028,79.6,79.1,Female,Islamabad
Test Student 1185,student1185@test.gcuf.edu.pk,030011850000,BSCS,CS,2024-2028,67.4,83.8,Male,Karachi
Test Student 1186,student1186@test.gcuf.edu.pk,030011860000,BSCS,CS,2024-2028,76.9,69.1,Female,Rawalpindi
Test Student 1187,student1187@test.gcuf.edu.pk,030011870000,BSCS,CS,2024-2028,66.2,80.0,Male,Karachi
Test Student 1188,student1188@test.gcuf.edu.pk,030011880000,BSCS,CS,2024-2028,90.9,79.6,Male,Karachi
Test Student 1189,student1189@test.gcuf.edu.pk,030011890000,BSCS,CS,2024-2028,65.0,78.4,Female,Lahore
Test Student 1190,student1190@test.gcuf.edu.pk,030011900000,BSCS,CS,2024-2028,62.9,85.8,Male,Faisalabad
Test Student 1191,student1191@test.gcuf.edu.pk,030011910000,BSCS,CS,2024-2028,73.8,60.3,Male,Rawalpindi
Test Student 1192,student1192@test.gcuf.edu.pk,030011920000,BSCS,CS,2024-2028,69.4,88.9,Female,Karachi
Test Student 1193,student1193@test.gcuf.edu.pk,030011930000,BSCS,CS,2024-2028,85.4,92.1,Female,Rawalpindi
Test Student 1194,student1194@test.gcuf.edu.pk,030011940000,BSCS,CS,2024-2028,71.1,82.8,Female,Islamabad
Test Student 1195,student1195@test.gcuf.edu.pk,030011950000,BSCS,CS,2024-2028,81.6,69.0,Female,Islamabad
Test Student 1196,student1196@test.gcuf.edu.pk,030011960000,BSCS,CS,2024-2028,72.3,87.8,Male,Faisalabad
Test Student 1197,student1197@test.gcuf.edu.pk,030011970000,BSCS,CS,2024-2028,60.7,91.0,Female,Rawalpindi
Test Student 1198,student1198@test.gcuf.edu.pk,030011980000,BSCS,CS,2024-2028,60.1,75.8,Male,Rawalpindi
Test Student 1199,student1199@test.gcuf.edu.pk,030011990000,BSCS,CS,2024-2028,69.4,85.1,Male,Rawalpindi
Test Student 1200,student1200@test.gcuf.edu.pk,030012000000,BSCS,CS,2024-2028,67.5,85.6,Male,Lahore
Test Student 1201,student1201@test.gcuf.edu.pk,030012010000,BSCS,CS,2024-2028,62.4,79.2,Male,Islamabad
Test Student 1202,student1202@test.gcuf.edu.pk,030012020000,BSCS,CS,2024-2028,85.9,91.3,Female,Rawalpindi
Test Student 1203,student1203@test.gcuf.edu.pk,030012030000,BSCS,CS,2024-2028,91.8,68.8,Female,Rawalpindi
Test Student 1204,student1204@test.gcuf.edu.pk,030012040000,BSCS,CS,2024-2028,74.7,83.7,Male,Rawalpindi
Test Student 1205,student1205@test.gcuf.edu.pk,030012050000,BSCS,CS,2024-2028,61.1,88.0,Male,Multan
Test Student 1206,student1206@test.gcuf.edu.pk,030012060000,BSCS,CS,2024-2028,79.2,83.8,Female,Islamabad
Test Student 1207,student1207@test.gcuf.edu.pk,030012070000,BSCS,CS,2024-2028,61.6,87.3,Male,Karachi
Test Student 1208,student1208@test.gcuf.edu.pk,030012080000,BSCS,CS,2024-2028,91.8,64.2,Male,Karachi
Test Student 1209,student1209@test.gcuf.edu.pk,030012090000,BSCS,CS,2024-2028,87.2,65.8,Male,Faisalabad
Test Student 1210,student1210@test.gcuf.edu.pk,030012100000,BSCS,CS,2024-2028,83.7,90.0,Male,Islamabad
Test Student 1211,student1211@test.gcuf.edu.pk,030012110000,BSCS,CS,2024-2028,69.5,85.6,Male,Islamabad
Test Student 1212,student1212@test.gcuf.edu.pk,030012120000,BSCS,CS,2024-2028,78.2,63.3,Male,Lahore
Test Student 1213,student1213@test.gcuf.edu.pk,030012130000,BSCS,CS,2024-2028,88.6,68.4,Female,Islamabad
Test Student 1214,student1214@test.gcuf.edu.pk,030012140000,BSCS,CS,2024-2028,82.6,64.3,Male,Islamabad
Test Student 1215,student1215@test.gcuf.edu.pk,030012150000,BSCS,CS,2024-2028,88.4,70.7,Male,Rawalpindi
Test Student 1216,student1216@test.gcuf.edu.pk,030012160000,BSCS,CS,2024-2028,91.6,62.9,Female,Rawalpindi
Test Student 1217,student1217@test.gcuf.edu.pk,030012170000,BSCS,CS,2024-2028,79.3,92.6,Male,Islamabad
Test Student 1218,student1218@test.gcuf.edu.pk,030012180000,BSCS,CS,2024-2028,80.5,89.6,Female,Faisalabad
Test Student 1219,student1219@test.gcuf.edu.pk,030012190000,BSCS,CS,2024-2028,81.4,74.8,Male,Rawalpindi
Test Student 1220,student1220@test.gcuf.edu.pk,030012200000,BSCS,CS,2024-2028,85.1,73.2,Female,Rawalpindi
Test Student 1221,student1221@test.gcuf.edu.pk,030012210000,BSCS,CS,2024-2028,70.4,78.1,Female,Faisalabad
Test Student 1222,student1222@test.gcuf.edu.pk,030012220000,BSCS,CS,2024-2028,61.2,75.4,Male,Faisalabad
Test Student 1223,student1223@test.gcuf.edu.pk,030012230000,BSCS,CS,2024-2028,89.4,89.2,Female,Karachi
Test Student 1224,student1224@test.gcuf.edu.pk,030012240000,BSCS,CS,2024-2028,86.5,62.1,Female,Multan
Test Student 1225,student1225@test.gcuf.edu.pk,030012250000,BSCS,CS,2024-2028,83.3,80.9,Female,Lahore
Test Student 1226,student1226@test.gcuf.edu.pk,030012260000,BSCS,CS,2024-2028,87.5,68.9,Male,Rawalpindi
Test Student 1227,student1227@test.gcuf.edu.pk,030012270000,BSCS,CS,2024-2028,84.7,85.3,Female,Islamabad
Test Student 1228,student1228@test.gcuf.edu.pk,030012280000,BSCS,CS,2024-2028,92.9,78.0,Male,Rawalpindi
Test Student 1229,student1229@test.gcuf.edu.pk,030012290000,BSCS,CS,2024-2028,88.2,60.3,Male,Multan
Test Student 1230,student1230@test.gcuf.edu.pk,030012300000,BSCS,CS,2024-2028,81.6,70.3,Male,Faisalabad
Test Student 1231,student1231@test.gcuf.edu.pk,030012310000,BSCS,CS,2024-2028,65.9,83.2,Male,Multan
Test Student 1232,student1232@test.gcuf.edu.pk,030012320000,BSCS,CS,2024-2028,71.2,81.8,Male,Lahore
Test Student 1233,student1233@test.gcuf.edu.pk,030012330000,BSCS,CS,2024-2028,76.8,86.7,Male,Islamabad
Test Student 1234,student1234@test.gcuf.edu.pk,030012340000,BSCS,CS,2024-2028,65.3,83.5,Male,Islamabad
Test Student 1235,student1235@test.gcuf.edu.pk,030012350000,BSCS,CS,2024-2028,88.7,86.8,Female,Faisalabad
Test Student 1236,student1236@test.gcuf.edu.pk,030012360000,BSCS,CS,2024-2028,93.0,88.3,Male,Karachi
Test Student 1237,student1237@test.gcuf.edu.pk,030012370000,BSCS,CS,2024-2028,90.1,67.8,Female,Islamabad
Test Student 1238,student1238@test.gcuf.edu.pk,030012380000,BSCS,CS,2024-2028,92.7,72.9,Female,Lahore
Test Student 1239,student1239@test.gcuf.edu.pk,030012390000,BSCS,CS,2024-2028,93.3,68.1,Male,Multan
Test Student 1240,student1240@test.gcuf.edu.pk,030012400000,BSCS,CS,2024-2028,73.3,62.0,Female,Multan
Test Student 1241,student1241@test.gcuf.edu.pk,030012410000,BSCS,CS,2024-2028,81.9,72.6,Male,Rawalpindi
Test Student 1242,student1242@test.gcuf.edu.pk,030012420000,BSCS,CS,2024-2028,61.4,70.8,Female,Islamabad
Test Student 1243,student1243@test.gcuf.edu.pk,030012430000,BSCS,CS,2024-2028,68.1,60.8,Female,Faisalabad
Test Student 1244,student1244@test.gcuf.edu.pk,030012440000,BSCS,CS,2024-2028,89.5,72.9,Female,Multan
Test Student 1245,student1245@test.gcuf.edu.pk,030012450000,BSCS,CS,2024-2028,66.2,62.2,Female,Rawalpindi
Test Student 1246,student1246@test.gcuf.edu.pk,030012460000,BSCS,CS,2024-2028,61.9,84.1,Female,Lahore
Test Student 1247,student1247@test.gcuf.edu.pk,030012470000,BSCS,CS,2024-2028,80.5,82.8,Male,Multan
Test Student 1248,student1248@test.gcuf.edu.pk,030012480000,BSCS,CS,2024-2028,86.7,74.7,Female,Islamabad
Test Student 1249,student1249@test.gcuf.edu.pk,030012490000,BSCS,CS,2024-2028,72.6,91.4,Female,Faisalabad
Test Student 1250,student1250@test.gcuf.edu.pk,030012500000,BSCS,CS,2024-2028,89.3,62.3,Male,Islamabad
Test Student 1251,student1251@test.gcuf.edu.pk,030012510000,BSCS,CS,2024-2028,76.2,80.2,Male,Multan
Test Student 1252,student1252@test.gcuf.edu.pk,030012520000,BSCS,CS,2024-2028,88.9,74.0,Female,Rawalpindi
Test Student 1253,student1253@test.gcuf.edu.pk,030012530000,BSCS,CS,2024-2028,90.9,86.6,Female,Lahore
Test Student 1254,student1254@test.gcuf.edu.pk,030012540000,BSCS,CS,2024-2028,86.4,78.8,Female,Lahore
Test Student 1255,student1255@test.gcuf.edu.pk,030012550000,BSCS,CS,2024-2028,73.8,89.6,Female,Lahore
Test Student 1256,student1256@test.gcuf.edu.pk,030012560000,BSCS,CS,2024-2028,70.7,66.4,Male,Multan
Test Student 1257,student1257@test.gcuf.edu.pk,030012570000,BSCS,CS,2024-2028,88.0,79.6,Female,Faisalabad
Test Student 1258,student1258@test.gcuf.edu.pk,030012580000,BSCS,CS,2024-2028,74.9,62.2,Female,Multan
Test Student 1259,student1259@test.gcuf.edu.pk,030012590000,BSCS,CS,2024-2028,79.8,92.8,Male,Islamabad
Test Student 1260,student1260@test.gcuf.edu.pk,030012600000,BSCS,CS,2024-2028,93.5,89.7,Female,Multan
Test Student 1261,student1261@test.gcuf.edu.pk,030012610000,BSCS,CS,2024-2028,60.3,78.1,Female,Faisalabad
Test Student 1262,student1262@test.gcuf.edu.pk,030012620000,BSCS,CS,2024-2028,71.1,74.6,Male,Faisalabad
Test Student 1263,student1263@test.gcuf.edu.pk,030012630000,BSCS,CS,2024-2028,89.3,72.2,Male,Rawalpindi
Test Student 1264,student1264@test.gcuf.edu.pk,030012640000,BSCS,CS,2024-2028,67.7,69.2,Male,Multan
Test Student 1265,student1265@test.gcuf.edu.pk,030012650000,BSCS,CS,2024-2028,67.7,90.4,Female,Lahore
Test Student 1266,student1266@test.gcuf.edu.pk,030012660000,BSCS,CS,2024-2028,69.7,80.8,Female,Faisalabad
Test Student 1267,student1267@test.gcuf.edu.pk,030012670000,BSCS,CS,2024-2028,91.3,75.2,Male,Faisalabad
Test Student 1268,student1268@test.gcuf.edu.pk,030012680000,BSCS,CS,2024-2028,66.5,79.8,Female,Lahore
Test Student 1269,student1269@test.gcuf.edu.pk,030012690000,BSCS,CS,2024-2028,76.7,93.7,Male,Multan
Test Student 1270,student1270@test.gcuf.edu.pk,030012700000,BSCS,CS,2024-2028,80.9,72.8,Female,Islamabad
Test Student 1271,student1271@test.gcuf.edu.pk,030012710000,BSCS,CS,2024-2028,65.6,75.0,Female,Lahore
Test Student 1272,student1272@test.gcuf.edu.pk,030012720000,BSCS,CS,2024-2028,87.8,64.4,Male,Islamabad
Test Student 1273,student1273@test.gcuf.edu.pk,030012730000,BSCS,CS,2024-2028,67.4,74.7,Male,Karachi
Test Student 1274,student1274@test.gcuf.edu.pk,030012740000,BSCS,CS,2024-2028,85.6,83.4,Female,Faisalabad
Test Student 1275,student1275@test.gcuf.edu.pk,030012750000,BSCS,CS,2024-2028,88.2,85.9,Female,Karachi
Test Student 1276,student1276@test.gcuf.edu.pk,030012760000,BSCS,CS,2024-2028,68.7,62.6,Female,Rawalpindi
Test Student 1277,student1277@test.gcuf.edu.pk,030012770000,BSCS,CS,2024-2028,77.5,90.3,Male,Islamabad
Test Student 1278,student1278@test.gcuf.edu.pk,030012780000,BSCS,CS,2024-2028,93.9,82.0,Male,Rawalpindi
Test Student 1279,student1279@test.gcuf.edu.pk,030012790000,BSCS,CS,2024-2028,76.4,90.9,Female,Karachi
Test Student 1280,student1280@test.gcuf.edu.pk,030012800000,BSCS,CS,2024-2028,66.8,86.2,Male,Lahore
Test Student 1281,student1281@test.gcuf.edu.pk,030012810000,BSCS,CS,2024-2028,70.8,73.8,Male,Rawalpindi
Test Student 1282,student1282@test.gcuf.edu.pk,030012820000,BSCS,CS,2024-2028,77.4,60.2,Male,Multan
Test Student 1283,student1283@test.gcuf.edu.pk,030012830000,BSCS,CS,2024-2028,79.0,90.3,Male,Faisalabad
Test Student 1284,student1284@test.gcuf.edu.pk,030012840000,BSCS,CS,2024-2028,72.6,65.2,Male,Lahore
Test Student 1285,student1285@test.gcuf.edu.pk,030012850000,BSCS,CS,2024-2028,72.8,76.1,Female,Lahore
Test Student 1286,student1286@test.gcuf.edu.pk,030012860000,BSCS,CS,2024-2028,68.3,62.4,Female,Rawalpindi
Test Student 1287,student1287@test.gcuf.edu.pk,030012870000,BSCS,CS,2024-2028,92.5,94.3,Female,Faisalabad
Test Student 1288,student1288@test.gcuf.edu.pk,030012880000,BSCS,CS,2024-2028,72.3,70.1,Male,Karachi
Test Student 1289,student1289@test.gcuf.edu.pk,030012890000,BSCS,CS,2024-2028,62.3,60.3,Male,Rawalpindi
Test Student 1290,student1290@test.gcuf.edu.pk,030012900000,BSCS,CS,2024-2028,65.0,94.0,Male,Faisalabad
Test Student 1291,student1291@test.gcuf.edu.pk,030012910000,BSCS,CS,2024-2028,66.2,64.5,Male,Lahore
Test Student 1292,student1292@test.gcuf.edu.pk,030012920000,BSCS,CS,2024-2028,69.2,82.8,Male,Multan
Test Student 1293,student1293@test.gcuf.edu.pk,030012930000,BSCS,CS,2024-2028,61.0,82.5,Female,Lahore
Test Student 1294,student1294@test.gcuf.edu.pk,030012940000,BSCS,CS,2024-2028,62.0,63.1,Female,Rawalpindi
Test Student 1295,student1295@test.gcuf.edu.pk,030012950000,BSCS,CS,2024-2028,81.9,92.1,Male,Rawalpindi
Test Student 1296,student1296@test.gcuf.edu.pk,030012960000,BSCS,CS,2024-2028,82.9,85.1,Male,Islamabad
Test Student 1297,student1297@test.gcuf.edu.pk,030012970000,BSCS,CS,2024-2028,94.3,76.2,Female,Islamabad
Test Student 1298,student1298@test.gcuf.edu.pk,030012980000,BSCS,CS,2024-2028,78.1,86.3,Female,Islamabad
Test Student 1299,student1299@test.gcuf.edu.pk,030012990000,BSCS,CS,2024-2028,84.1,66.4,Male,Islamabad
Test Student 1300,student1300@test.gcuf.edu.pk,030013000000,BSCS,CS,2024-2028,93.1,91.3,Male,Karachi
Test Student 1301,student1301@test.gcuf.edu.pk,030013010000,BSCS,CS,2024-2028,78.8,79.4,Male,Rawalpindi
Test Student 1302,student1302@test.gcuf.edu.pk,030013020000,BSCS,CS,2024-2028,91.9,62.0,Female,Islamabad
Test Student 1303,student1303@test.gcuf.edu.pk,030013030000,BSCS,CS,2024-2028,76.9,79.3,Female,Karachi
Test Student 1304,student1304@test.gcuf.edu.pk,030013040000,BSCS,CS,2024-2028,65.4,92.4,Female,Multan
Test Student 1305,student1305@test.gcuf.edu.pk,030013050000,BSCS,CS,2024-2028,85.8,68.6,Female,Rawalpindi
Test Student 1306,student1306@test.gcuf.edu.pk,030013060000,BSCS,CS,2024-2028,70.2,72.7,Female,Islamabad
Test Student 1307,student1307@test.gcuf.edu.pk,030013070000,BSCS,CS,2024-2028,72.5,94.7,Female,Faisalabad
Test Student 1308,student1308@test.gcuf.edu.pk,030013080000,BSCS,CS,2024-2028,91.6,66.2,Female,Faisalabad
Test Student 1309,student1309@test.gcuf.edu.pk,030013090000,BSCS,CS,2024-2028,60.5,82.8,Male,Faisalabad
Test Student 1310,student1310@test.gcuf.edu.pk,030013100000,BSCS,CS,2024-2028,93.5,79.1,Female,Rawalpindi
Test Student 1311,student1311@test.gcuf.edu.pk,030013110000,BSCS,CS,2024-2028,71.4,70.1,Male,Faisalabad
Test Student 1312,student1312@test.gcuf.edu.pk,030013120000,BSCS,CS,2024-2028,67.9,83.4,Male,Islamabad
Test Student 1313,student1313@test.gcuf.edu.pk,030013130000,BSCS,CS,2024-2028,87.2,75.8,Male,Lahore
Test Student 1314,student1314@test.gcuf.edu.pk,030013140000,BSCS,CS,2024-2028,85.9,69.2,Male,Lahore
Test Student 1315,student1315@test.gcuf.edu.pk,030013150000,BSCS,CS,2024-2028,84.4,75.3,Female,Karachi
Test Student 1316,student1316@test.gcuf.edu.pk,030013160000,BSCS,CS,2024-2028,71.5,73.9,Female,Multan
Test Student 1317,student1317@test.gcuf.edu.pk,030013170000,BSCS,CS,2024-2028,75.7,89.4,Female,Karachi
Test Student 1318,student1318@test.gcuf.edu.pk,030013180000,BSCS,CS,2024-2028,92.6,94.6,Female,Faisalabad
Test Student 1319,student1319@test.gcuf.edu.pk,030013190000,BSCS,CS,2024-2028,66.5,69.6,Male,Faisalabad
Test Student 1320,student1320@test.gcuf.edu.pk,030013200000,BSCS,CS,2024-2028,73.9,70.9,Male,Islamabad
Test Student 1321,student1321@test.gcuf.edu.pk,030013210000,BSCS,CS,2024-2028,82.5,79.5,Male,Multan
Test Student 1322,student1322@test.gcuf.edu.pk,030013220000,BSCS,CS,2024-2028,64.3,80.2,Female,Multan
Test Student 1323,student1323@test.gcuf.edu.pk,030013230000,BSCS,CS,2024-2028,92.1,81.4,Male,Lahore
Test Student 1324,student1324@test.gcuf.edu.pk,030013240000,BSCS,CS,2024-2028,62.0,79.6,Female,Islamabad
Test Student 1325,student1325@test.gcuf.edu.pk,030013250000,BSCS,CS,2024-2028,89.0,83.4,Female,Islamabad
Test Student 1326,student1326@test.gcuf.edu.pk,030013260000,BSCS,CS,2024-2028,91.7,68.8,Male,Islamabad
Test Student 1327,student1327@test.gcuf.edu.pk,030013270000,BSCS,CS,2024-2028,63.5,61.2,Male,Islamabad
Test Student 1328,student1328@test.gcuf.edu.pk,030013280000,BSCS,CS,2024-2028,70.9,79.8,Female,Faisalabad
Test Student 1329,student1329@test.gcuf.edu.pk,030013290000,BSCS,CS,2024-2028,75.0,88.8,Female,Islamabad
Test Student 1330,student1330@test.gcuf.edu.pk,030013300000,BSCS,CS,2024-2028,83.9,70.9,Female,Lahore
Test Student 1331,student1331@test.gcuf.edu.pk,030013310000,BSCS,CS,2024-2028,72.6,62.3,Female,Lahore
Test Student 1332,student1332@test.gcuf.edu.pk,030013320000,BSCS,CS,2024-2028,78.4,80.8,Female,Multan
Test Student 1333,student1333@test.gcuf.edu.pk,030013330000,BSCS,CS,2024-2028,82.9,64.7,Male,Multan
Test Student 1334,student1334@test.gcuf.edu.pk,030013340000,BSCS,CS,2024-2028,92.0,72.4,Female,Karachi
Test Student 1335,student1335@test.gcuf.edu.pk,030013350000,BSCS,CS,2024-2028,88.7,77.4,Female,Faisalabad
Test Student 1336,student1336@test.gcuf.edu.pk,030013360000,BSCS,CS,2024-2028,62.9,90.4,Male,Lahore
Test Student 1337,student1337@test.gcuf.edu.pk,030013370000,BSCS,CS,2024-2028,90.9,89.8,Male,Karachi
Test Student 1338,student1338@test.gcuf.edu.pk,030013380000,BSCS,CS,2024-2028,64.1,88.9,Male,Faisalabad
Test Student 1339,student1339@test.gcuf.edu.pk,030013390000,BSCS,CS,2024-2028,73.5,66.9,Male,Islamabad
Test Student 1340,student1340@test.gcuf.edu.pk,030013400000,BSCS,CS,2024-2028,81.0,93.9,Male,Multan
Test Student 1341,student1341@test.gcuf.edu.pk,030013410000,BSCS,CS,2024-2028,65.2,89.9,Male,Rawalpindi
Test Student 1342,student1342@test.gcuf.edu.pk,030013420000,BSCS,CS,2024-2028,63.5,67.6,Female,Islamabad
Test Student 1343,student1343@test.gcuf.edu.pk,030013430000,BSCS,CS,2024-2028,88.8,94.0,Male,Islamabad
Test Student 1344,student1344@test.gcuf.edu.pk,030013440000,BSCS,CS,2024-2028,87.2,60.1,Male,Lahore
Test Student 1345,student1345@test.gcuf.edu.pk,030013450000,BSCS,CS,2024-2028,81.6,68.7,Female,Lahore
Test Student 1346,student1346@test.gcuf.edu.pk,030013460000,BSCS,CS,2024-2028,65.7,71.2,Female,Lahore
Test Student 1347,student1347@test.gcuf.edu.pk,030013470000,BSCS,CS,2024-2028,92.1,70.9,Male,Faisalabad
Test Student 1348,student1348@test.gcuf.edu.pk,030013480000,BSCS,CS,2024-2028,85.9,63.3,Male,Rawalpindi
Test Student 1349,student1349@test.gcuf.edu.pk,030013490000,BSCS,CS,2024-2028,65.2,81.5,Male,Islamabad
Test Student 1350,student1350@test.gcuf.edu.pk,030013500000,BSCS,CS,2024-2028,62.2,83.6,Female,Faisalabad
Test Student 1351,student1351@test.gcuf.edu.pk,030013510000,BSCS,CS,2024-2028,84.5,70.8,Male,Faisalabad
Test Student 1352,student1352@test.gcuf.edu.pk,030013520000,BSCS,CS,2024-2028,69.0,78.1,Male,Karachi
Test Student 1353,student1353@test.gcuf.edu.pk,030013530000,BSCS,CS,2024-2028,86.0,72.7,Male,Multan
Test Student 1354,student1354@test.gcuf.edu.pk,030013540000,BSCS,CS,2024-2028,60.2,68.4,Male,Faisalabad
Test Student 1355,student1355@test.gcuf.edu.pk,030013550000,BSCS,CS,2024-2028,81.0,84.7,Female,Lahore
Test Student 1356,student1356@test.gcuf.edu.pk,030013560000,BSCS,CS,2024-2028,82.6,73.5,Female,Islamabad
Test Student 1357,student1357@test.gcuf.edu.pk,030013570000,BSCS,CS,2024-2028,86.0,78.5,Female,Lahore
Test Student 1358,student1358@test.gcuf.edu.pk,030013580000,BSCS,CS,2024-2028,71.4,69.9,Male,Multan
Test Student 1359,student1359@test.gcuf.edu.pk,030013590000,BSCS,CS,2024-2028,69.2,81.6,Female,Rawalpindi
Test Student 1360,student1360@test.gcuf.edu.pk,030013600000,BSCS,CS,2024-2028,76.5,67.3,Male,Lahore
Test Student 1361,student1361@test.gcuf.edu.pk,030013610000,BSCS,CS,2024-2028,79.1,63.4,Female,Rawalpindi
Test Student 1362,student1362@test.gcuf.edu.pk,030013620000,BSCS,CS,2024-2028,71.7,73.8,Male,Multan
Test Student 1363,student1363@test.gcuf.edu.pk,030013630000,BSCS,CS,2024-2028,69.7,68.3,Female,Rawalpindi
Test Student 1364,student1364@test.gcuf.edu.pk,030013640000,BSCS,CS,2024-2028,65.9,87.5,Female,Rawalpindi
Test Student 1365,student1365@test.gcuf.edu.pk,030013650000,BSCS,CS,2024-2028,89.1,68.0,Female,Karachi
Test Student 1366,student1366@test.gcuf.edu.pk,030013660000,BSCS,CS,2024-2028,65.2,69.1,Male,Karachi
Test Student 1367,student1367@test.gcuf.edu.pk,030013670000,BSCS,CS,2024-2028,78.1,81.4,Female,Faisalabad
Test Student 1368,student1368@test.gcuf.edu.pk,030013680000,BSCS,CS,2024-2028,66.4,91.8,Female,Faisalabad
Test Student 1369,student1369@test.gcuf.edu.pk,030013690000,BSCS,CS,2024-2028,86.3,79.6,Male,Rawalpindi
Test Student 1370,student1370@test.gcuf.edu.pk,030013700000,BSCS,CS,2024-2028,85.7,83.1,Female,Islamabad
Test Student 1371,student1371@test.gcuf.edu.pk,030013710000,BSCS,CS,2024-2028,83.6,92.3,Male,Faisalabad
Test Student 1372,student1372@test.gcuf.edu.pk,030013720000,BSCS,CS,2024-2028,82.7,92.0,Female,Lahore
Test Student 1373,student1373@test.gcuf.edu.pk,030013730000,BSCS,CS,2024-2028,83.0,79.7,Male,Faisalabad
Test Student 1374,student1374@test.gcuf.edu.pk,030013740000,BSCS,CS,2024-2028,70.4,88.7,Female,Karachi
Test Student 1375,student1375@test.gcuf.edu.pk,030013750000,BSBio,Biology,2024-2028,85.1,83.1,Female,Lahore
Test Student 1376,student1376@test.gcuf.edu.pk,030013760000,BSBio,Biology,2024-2028,77.1,75.3,Male,Multan
Test Student 1377,student1377@test.gcuf.edu.pk,030013770000,BSBio,Biology,2024-2028,75.3,83.5,Male,Multan
Test Student 1378,student1378@test.gcuf.edu.pk,030013780000,BSBio,Biology,2024-2028,87.2,78.6,Female,Faisalabad
Test Student 1379,student1379@test.gcuf.edu.pk,030013790000,BSBio,Biology,2024-2028,65.9,62.9,Female,Faisalabad
Test Student 1380,student1380@test.gcuf.edu.pk,030013800000,BSBio,Biology,2024-2028,94.1,73.4,Female,Rawalpindi
Test Student 1381,student1381@test.gcuf.edu.pk,030013810000,BSBio,Biology,2024-2028,74.6,80.8,Male,Islamabad
Test Student 1382,student1382@test.gcuf.edu.pk,030013820000,BSBio,Biology,2024-2028,93.6,90.8,Male,Karachi
Test Student 1383,student1383@test.gcuf.edu.pk,030013830000,BSBio,Biology,2024-2028,89.6,80.7,Male,Islamabad
Test Student 1384,student1384@test.gcuf.edu.pk,030013840000,BSBio,Biology,2024-2028,83.0,77.3,Male,Lahore
Test Student 1385,student1385@test.gcuf.edu.pk,030013850000,BSBio,Biology,2024-2028,71.7,83.2,Female,Multan
Test Student 1386,student1386@test.gcuf.edu.pk,030013860000,BSBio,Biology,2024-2028,77.0,77.5,Male,Rawalpindi
Test Student 1387,student1387@test.gcuf.edu.pk,030013870000,BSBio,Biology,2024-2028,78.0,87.9,Male,Rawalpindi
Test Student 1388,student1388@test.gcuf.edu.pk,030013880000,BSBio,Biology,2024-2028,90.5,73.8,Male,Multan
Test Student 1389,student1389@test.gcuf.edu.pk,030013890000,BSBio,Biology,2024-2028,88.8,76.1,Female,Rawalpindi
Test Student 1390,student1390@test.gcuf.edu.pk,030013900000,BSBio,Biology,2024-2028,83.2,63.0,Female,Faisalabad
Test Student 1391,student1391@test.gcuf.edu.pk,030013910000,BSBio,Biology,2024-2028,85.5,82.5,Male,Multan
Test Student 1392,student1392@test.gcuf.edu.pk,030013920000,BSBio,Biology,2024-2028,71.8,92.1,Male,Lahore
Test Student 1393,student1393@test.gcuf.edu.pk,030013930000,BSBio,Biology,2024-2028,85.6,70.5,Female,Islamabad
Test Student 1394,student1394@test.gcuf.edu.pk,030013940000,BSBio,Biology,2024-2028,86.3,91.9,Male,Karachi
Test Student 1395,student1395@test.gcuf.edu.pk,030013950000,BSBio,Biology,2024-2028,61.0,84.6,Female,Karachi
Test Student 1396,student1396@test.gcuf.edu.pk,030013960000,BSBio,Biology,2024-2028,83.7,74.6,Female,Karachi
Test Student 1397,student1397@test.gcuf.edu.pk,030013970000,BSBio,Biology,2024-2028,73.0,63.1,Male,Islamabad
Test Student 1398,student1398@test.gcuf.edu.pk,030013980000,BSBio,Biology,2024-2028,93.8,76.7,Male,Rawalpindi
Test Student 1399,student1399@test.gcuf.edu.pk,030013990000,BSBio,Biology,2024-2028,83.1,71.0,Male,Faisalabad
Test Student 1400,student1400@test.gcuf.edu.pk,030014000000,BSBio,Biology,2024-2028,86.7,71.4,Male,Faisalabad
Test Student 1401,student1401@test.gcuf.edu.pk,030014010000,BSBio,Biology,2024-2028,60.4,89.3,Female,Faisalabad
Test Student 1402,student1402@test.gcuf.edu.pk,030014020000,BSBio,Biology,2024-2028,73.8,81.0,Female,Faisalabad
Test Student 1403,student1403@test.gcuf.edu.pk,030014030000,BSBio,Biology,2024-2028,80.6,84.1,Male,Lahore
Test Student 1404,student1404@test.gcuf.edu.pk,030014040000,BSBio,Biology,2024-2028,62.6,61.8,Male,Multan
Test Student 1405,student1405@test.gcuf.edu.pk,030014050000,BSBio,Biology,2024-2028,80.2,82.9,Male,Lahore
Test Student 1406,student1406@test.gcuf.edu.pk,030014060000,BSBio,Biology,2024-2028,68.8,71.6,Male,Multan
Test Student 1407,student1407@test.gcuf.edu.pk,030014070000,BSBio,Biology,2024-2028,93.3,68.5,Male,Islamabad
Test Student 1408,student1408@test.gcuf.edu.pk,030014080000,BSBio,Biology,2024-2028,82.4,87.2,Male,Rawalpindi
Test Student 1409,student1409@test.gcuf.edu.pk,030014090000,BSBio,Biology,2024-2028,79.5,85.3,Male,Islamabad
Test Student 1410,student1410@test.gcuf.edu.pk,030014100000,BSBio,Biology,2024-2028,64.0,73.0,Female,Rawalpindi
Test Student 1411,student1411@test.gcuf.edu.pk,030014110000,BSBio,Biology,2024-2028,83.1,77.0,Female,Rawalpindi
Test Student 1412,student1412@test.gcuf.edu.pk,030014120000,BSBio,Biology,2024-2028,72.7,61.0,Female,Islamabad
Test Student 1413,student1413@test.gcuf.edu.pk,030014130000,BSBio,Biology,2024-2028,68.8,80.7,Female,Faisalabad
Test Student 1414,student1414@test.gcuf.edu.pk,030014140000,BSBio,Biology,2024-2028,62.9,60.2,Female,Karachi
Test Student 1415,student1415@test.gcuf.edu.pk,030014150000,BSBio,Biology,2024-2028,62.6,89.3,Female,Rawalpindi
Test Student 1416,student1416@test.gcuf.edu.pk,030014160000,BSBio,Biology,2024-2028,83.3,79.1,Female,Multan
Test Student 1417,student1417@test.gcuf.edu.pk,030014170000,BSBio,Biology,2024-2028,93.4,76.1,Male,Multan
Test Student 1418,student1418@test.gcuf.edu.pk,030014180000,BSBio,Biology,2024-2028,91.9,83.0,Female,Faisalabad
Test Student 1419,student1419@test.gcuf.edu.pk,030014190000,BSBio,Biology,2024-2028,79.4,78.6,Male,Rawalpindi
Test Student 1420,student1420@test.gcuf.edu.pk,030014200000,BSBio,Biology,2024-2028,93.4,71.5,Male,Multan
Test Student 1421,student1421@test.gcuf.edu.pk,030014210000,BSBio,Biology,2024-2028,62.4,77.2,Male,Rawalpindi
Test Student 1422,student1422@test.gcuf.edu.pk,030014220000,BSBio,Biology,2024-2028,74.7,74.4,Male,Lahore
Test Student 1423,student1423@test.gcuf.edu.pk,030014230000,BSBio,Biology,2024-2028,72.8,71.7,Female,Multan
Test Student 1424,student1424@test.gcuf.edu.pk,030014240000,BSBio,Biology,2024-2028,86.8,88.1,Female,Rawalpindi
Test Student 1425,student1425@test.gcuf.edu.pk,030014250000,BSBio,Biology,2024-2028,83.2,61.6,Male,Rawalpindi
Test Student 1426,student1426@test.gcuf.edu.pk,030014260000,BSBio,Biology,2024-2028,72.6,92.3,Male,Rawalpindi
Test Student 1427,student1427@test.gcuf.edu.pk,030014270000,BSBio,Biology,2024-2028,81.2,61.2,Male,Karachi
Test Student 1428,student1428@test.gcuf.edu.pk,030014280000,BSBio,Biology,2024-2028,78.4,86.4,Female,Multan
Test Student 1429,student1429@test.gcuf.edu.pk,030014290000,BSBio,Biology,2024-2028,72.2,83.3,Male,Karachi
Test Student 1430,student1430@test.gcuf.edu.pk,030014300000,BSBio,Biology,2024-2028,71.4,60.4,Female,Faisalabad
Test Student 1431,student1431@test.gcuf.edu.pk,030014310000,BSBio,Biology,2024-2028,81.8,93.3,Male,Multan
Test Student 1432,student1432@test.gcuf.edu.pk,030014320000,BSBio,Biology,2024-2028,81.6,73.7,Female,Faisalabad
Test Student 1433,student1433@test.gcuf.edu.pk,030014330000,BSBio,Biology,2024-2028,92.3,75.9,Male,Faisalabad
Test Student 1434,student1434@test.gcuf.edu.pk,030014340000,BSBio,Biology,2024-2028,81.7,61.8,Female,Faisalabad
Test Student 1435,student1435@test.gcuf.edu.pk,030014350000,BSBio,Biology,2024-2028,66.9,86.2,Female,Karachi
Test Student 1436,student1436@test.gcuf.edu.pk,030014360000,BSBio,Biology,2024-2028,84.7,88.4,Female,Faisalabad
Test Student 1437,student1437@test.gcuf.edu.pk,030014370000,BSBio,Biology,2024-2028,66.7,87.5,Female,Lahore
Test Student 1438,student1438@test.gcuf.edu.pk,030014380000,BSBio,Biology,2024-2028,80.5,69.3,Male,Lahore
Test Student 1439,student1439@test.gcuf.edu.pk,030014390000,BSBio,Biology,2024-2028,79.2,92.8,Male,Islamabad
Test Student 1440,student1440@test.gcuf.edu.pk,030014400000,BSBio,Biology,2024-2028,75.2,77.9,Female,Islamabad
Test Student 1441,student1441@test.gcuf.edu.pk,030014410000,BSBio,Biology,2024-2028,73.7,65.9,Female,Karachi
Test Student 1442,student1442@test.gcuf.edu.pk,030014420000,BSBio,Biology,2024-2028,67.0,89.4,Female,Rawalpindi
Test Student 1443,student1443@test.gcuf.edu.pk,030014430000,BSBio,Biology,2024-2028,78.2,84.0,Male,Rawalpindi
Test Student 1444,student1444@test.gcuf.edu.pk,030014440000,BSBio,Biology,2024-2028,80.8,84.1,Female,Karachi
Test Student 1445,student1445@test.gcuf.edu.pk,030014450000,BSBio,Biology,2024-2028,62.3,81.4,Female,Karachi
Test Student 1446,student1446@test.gcuf.edu.pk,030014460000,BSBio,Biology,2024-2028,61.0,90.0,Female,Karachi
Test Student 1447,student1447@test.gcuf.edu.pk,030014470000,BSBio,Biology,2024-2028,72.5,68.7,Male,Faisalabad
Test Student 1448,student1448@test.gcuf.edu.pk,030014480000,BSBio,Biology,2024-2028,87.0,94.7,Male,Islamabad
Test Student 1449,student1449@test.gcuf.edu.pk,030014490000,BSBio,Biology,2024-2028,77.8,77.5,Male,Karachi
Test Student 1450,student1450@test.gcuf.edu.pk,030014500000,BSBio,Biology,2024-2028,62.1,68.5,Male,Multan
Test Student 1451,student1451@test.gcuf.edu.pk,030014510000,BSBio,Biology,2024-2028,79.8,93.3,Female,Faisalabad
Test Student 1452,student1452@test.gcuf.edu.pk,030014520000,BSBio,Biology,2024-2028,74.1,92.2,Female,Rawalpindi
Test Student 1453,student1453@test.gcuf.edu.pk,030014530000,BSBio,Biology,2024-2028,66.0,78.0,Female,Islamabad
Test Student 1454,student1454@test.gcuf.edu.pk,030014540000,BSBio,Biology,2024-2028,89.3,74.4,Female,Karachi
Test Student 1455,student1455@test.gcuf.edu.pk,030014550000,BSBio,Biology,2024-2028,78.4,72.8,Female,Lahore
Test Student 1456,student1456@test.gcuf.edu.pk,030014560000,BSBio,Biology,2024-2028,79.7,79.1,Female,Rawalpindi
Test Student 1457,student1457@test.gcuf.edu.pk,030014570000,BSBio,Biology,2024-2028,63.3,62.1,Female,Karachi
Test Student 1458,student1458@test.gcuf.edu.pk,030014580000,BSBio,Biology,2024-2028,93.0,94.2,Male,Multan
Test Student 1459,student1459@test.gcuf.edu.pk,030014590000,BSBio,Biology,2024-2028,65.3,94.3,Male,Faisalabad
Test Student 1460,student1460@test.gcuf.edu.pk,030014600000,BSBio,Biology,2024-2028,62.3,93.1,Male,Lahore
Test Student 1461,student1461@test.gcuf.edu.pk,030014610000,BSBio,Biology,2024-2028,73.4,71.2,Male,Lahore
Test Student 1462,student1462@test.gcuf.edu.pk,030014620000,BSBio,Biology,2024-2028,69.8,75.8,Male,Lahore
Test Student 1463,student1463@test.gcuf.edu.pk,030014630000,BSBio,Biology,2024-2028,75.1,73.1,Female,Rawalpindi
Test Student 1464,student1464@test.gcuf.edu.pk,030014640000,BSBio,Biology,2024-2028,76.4,80.9,Male,Rawalpindi
Test Student 1465,student1465@test.gcuf.edu.pk,030014650000,BSBio,Biology,2024-2028,90.0,62.2,Male,Faisalabad
Test Student 1466,student1466@test.gcuf.edu.pk,030014660000,BSBio,Biology,2024-2028,83.3,85.2,Female,Islamabad
Test Student 1467,student1467@test.gcuf.edu.pk,030014670000,BSBio,Biology,2024-2028,78.0,60.4,Female,Faisalabad
Test Student 1468,student1468@test.gcuf.edu.pk,030014680000,BSBio,Biology,2024-2028,88.0,77.6,Male,Multan
Test Student 1469,student1469@test.gcuf.edu.pk,030014690000,BSBio,Biology,2024-2028,69.6,63.0,Female,Karachi
Test Student 1470,student1470@test.gcuf.edu.pk,030014700000,BSBio,Biology,2024-2028,66.6,82.7,Female,Lahore
Test Student 1471,student1471@test.gcuf.edu.pk,030014710000,BSBio,Biology,2024-2028,66.1,94.6,Female,Islamabad
Test Student 1472,student1472@test.gcuf.edu.pk,030014720000,BSBio,Biology,2024-2028,88.8,93.2,Male,Multan
Test Student 1473,student1473@test.gcuf.edu.pk,030014730000,BSBio,Biology,2024-2028,83.7,70.1,Male,Karachi
Test Student 1474,student1474@test.gcuf.edu.pk,030014740000,BSBio,Biology,2024-2028,81.6,64.6,Male,Multan
Test Student 1475,student1475@test.gcuf.edu.pk,030014750000,BSBio,Biology,2024-2028,91.1,67.7,Female,Karachi
Test Student 1476,student1476@test.gcuf.edu.pk,030014760000,BSBio,Biology,2024-2028,77.3,65.5,Female,Lahore
Test Student 1477,student1477@test.gcuf.edu.pk,030014770000,BSBio,Biology,2024-2028,80.4,73.2,Male,Islamabad
Test Student 1478,student1478@test.gcuf.edu.pk,030014780000,BSBio,Biology,2024-2028,75.6,60.7,Male,Rawalpindi
Test Student 1479,student1479@test.gcuf.edu.pk,030014790000,BSBio,Biology,2024-2028,64.4,65.1,Female,Lahore
Test Student 1480,student1480@test.gcuf.edu.pk,030014800000,BSBio,Biology,2024-2028,86.6,64.2,Male,Rawalpindi
Test Student 1481,student1481@test.gcuf.edu.pk,030014810000,BSBio,Biology,2024-2028,64.5,86.5,Male,Islamabad
Test Student 1482,student1482@test.gcuf.edu.pk,030014820000,BSBio,Biology,2024-2028,60.4,77.0,Female,Multan
Test Student 1483,student1483@test.gcuf.edu.pk,030014830000,BSBio,Biology,2024-2028,77.2,83.3,Male,Rawalpindi
Test Student 1484,student1484@test.gcuf.edu.pk,030014840000,BSBio,Biology,2024-2028,84.9,68.7,Female,Karachi
Test Student 1485,student1485@test.gcuf.edu.pk,030014850000,BSBio,Biology,2024-2028,84.3,79.2,Male,Islamabad
Test Student 1486,student1486@test.gcuf.edu.pk,030014860000,BSBio,Biology,2024-2028,62.3,77.0,Male,Multan
Test Student 1487,student1487@test.gcuf.edu.pk,030014870000,BSBio,Biology,2024-2028,65.4,60.2,Female,Islamabad
Test Student 1488,student1488@test.gcuf.edu.pk,030014880000,BSBio,Biology,2024-2028,60.4,87.3,Male,Multan
Test Student 1489,student1489@test.gcuf.edu.pk,030014890000,BSBio,Biology,2024-2028,88.7,73.0,Female,Multan
Test Student 1490,student1490@test.gcuf.edu.pk,030014900000,BSBio,Biology,2024-2028,81.5,88.6,Female,Multan
Test Student 1491,student1491@test.gcuf.edu.pk,030014910000,BSBio,Biology,2024-2028,82.8,76.5,Male,Rawalpindi
Test Student 1492,student1492@test.gcuf.edu.pk,030014920000,BSBio,Biology,2024-2028,94.3,94.6,Female,Karachi
Test Student 1493,student1493@test.gcuf.edu.pk,030014930000,BSBio,Biology,2024-2028,64.0,86.1,Female,Multan
Test Student 1494,student1494@test.gcuf.edu.pk,030014940000,BSBio,Biology,2024-2028,79.0,90.0,Female,Rawalpindi
Test Student 1495,student1495@test.gcuf.edu.pk,030014950000,BSPhysics,Physics,2024-2028,75.5,72.2,Male,Faisalabad
Test Student 1496,student1496@test.gcuf.edu.pk,030014960000,BSPhysics,Physics,2024-2028,68.8,64.5,Male,Faisalabad
Test Student 1497,student1497@test.gcuf.edu.pk,030014970000,BSPhysics,Physics,2024-2028,60.6,70.1,Female,Islamabad
Test Student 1498,student1498@test.gcuf.edu.pk,030014980000,BSPhysics,Physics,2024-2028,93.9,64.5,Male,Rawalpindi
Test Student 1499,student1499@test.gcuf.edu.pk,030014990000,BSPhysics,Physics,2024-2028,77.7,62.6,Female,Islamabad
Test Student 1500,student1500@test.gcuf.edu.pk,030015000000,BSPhysics,Physics,2024-2028,83.0,60.5,Male,Rawalpindi
Test Student 1501,student1501@test.gcuf.edu.pk,030015010000,BSPhysics,Physics,2024-2028,62.0,84.1,Male,Karachi
Test Student 1502,student1502@test.gcuf.edu.pk,030015020000,BSPhysics,Physics,2024-2028,66.1,63.0,Female,Lahore
Test Student 1503,student1503@test.gcuf.edu.pk,030015030000,BSPhysics,Physics,2024-2028,93.3,61.1,Female,Islamabad
Test Student 1504,student1504@test.gcuf.edu.pk,030015040000,BSPhysics,Physics,2024-2028,70.6,92.9,Female,Karachi
Test Student 1505,student1505@test.gcuf.edu.pk,030015050000,BSPhysics,Physics,2024-2028,73.7,60.1,Female,Rawalpindi
Test Student 1506,student1506@test.gcuf.edu.pk,030015060000,BSPhysics,Physics,2024-2028,81.3,61.1,Female,Rawalpindi
Test Student 1507,student1507@test.gcuf.edu.pk,030015070000,BSPhysics,Physics,2024-2028,92.6,62.1,Male,Islamabad
Test Student 1508,student1508@test.gcuf.edu.pk,030015080000,BSPhysics,Physics,2024-2028,67.0,83.0,Female,Islamabad
Test Student 1509,student1509@test.gcuf.edu.pk,030015090000,BSPhysics,Physics,2024-2028,92.1,67.4,Male,Multan
Test Student 1510,student1510@test.gcuf.edu.pk,030015100000,BSPhysics,Physics,2024-2028,83.2,81.3,Female,Islamabad
Test Student 1511,student1511@test.gcuf.edu.pk,030015110000,BSPhysics,Physics,2024-2028,73.0,65.1,Female,Faisalabad
Test Student 1512,student1512@test.gcuf.edu.pk,030015120000,BSPhysics,Physics,2024-2028,83.0,78.7,Female,Multan
Test Student 1513,student1513@test.gcuf.edu.pk,030015130000,BSPhysics,Physics,2024-2028,87.0,63.9,Female,Lahore
Test Student 1514,student1514@test.gcuf.edu.pk,030015140000,BSPhysics,Physics,2024-2028,78.8,78.5,Female,Lahore
Test Student 1515,student1515@test.gcuf.edu.pk,030015150000,BSPhysics,Physics,2024-2028,84.6,82.6,Male,Multan
Test Student 1516,student1516@test.gcuf.edu.pk,030015160000,BSPhysics,Physics,2024-2028,84.3,84.4,Male,Multan
Test Student 1517,student1517@test.gcuf.edu.pk,030015170000,BSPhysics,Physics,2024-2028,90.1,93.2,Male,Lahore
Test Student 1518,student1518@test.gcuf.edu.pk,030015180000,BSPhysics,Physics,2024-2028,87.7,77.8,Female,Lahore
Test Student 1519,student1519@test.gcuf.edu.pk,030015190000,BSPhysics,Physics,2024-2028,66.6,85.4,Female,Islamabad
Test Student 1520,student1520@test.gcuf.edu.pk,030015200000,BSPhysics,Physics,2024-2028,65.5,64.5,Male,Faisalabad
Test Student 1521,student1521@test.gcuf.edu.pk,030015210000,BSPhysics,Physics,2024-2028,65.3,91.4,Male,Islamabad
Test Student 1522,student1522@test.gcuf.edu.pk,030015220000,BSPhysics,Physics,2024-2028,90.0,77.9,Female,Rawalpindi
Test Student 1523,student1523@test.gcuf.edu.pk,030015230000,BSPhysics,Physics,2024-2028,92.4,74.8,Female,Islamabad
Test Student 1524,student1524@test.gcuf.edu.pk,030015240000,BSPhysics,Physics,2024-2028,89.0,66.6,Male,Faisalabad
Test Student 1525,student1525@test.gcuf.edu.pk,030015250000,BSPhysics,Physics,2024-2028,61.3,76.7,Female,Rawalpindi
Test Student 1526,student1526@test.gcuf.edu.pk,030015260000,BSPhysics,Physics,2024-2028,70.6,86.2,Male,Multan
Test Student 1527,student1527@test.gcuf.edu.pk,030015270000,BSPhysics,Physics,2024-2028,91.8,81.9,Male,Multan
Test Student 1528,student1528@test.gcuf.edu.pk,030015280000,BSPhysics,Physics,2024-2028,71.8,87.2,Male,Lahore
Test Student 1529,student1529@test.gcuf.edu.pk,030015290000,BSPhysics,Physics,2024-2028,61.9,62.1,Female,Multan
Test Student 1530,student1530@test.gcuf.edu.pk,030015300000,BSPhysics,Physics,2024-2028,76.5,68.9,Female,Lahore
Test Student 1531,student1531@test.gcuf.edu.pk,030015310000,BSPhysics,Physics,2024-2028,73.5,91.7,Male,Faisalabad
Test Student 1532,student1532@test.gcuf.edu.pk,030015320000,BSPhysics,Physics,2024-2028,82.0,72.9,Male,Karachi
Test Student 1533,student1533@test.gcuf.edu.pk,030015330000,BSPhysics,Physics,2024-2028,86.1,69.8,Male,Rawalpindi
Test Student 1534,student1534@test.gcuf.edu.pk,030015340000,BSPhysics,Physics,2024-2028,74.3,67.8,Female,Islamabad
Test Student 1535,student1535@test.gcuf.edu.pk,030015350000,BSPhysics,Physics,2024-2028,81.5,88.7,Male,Lahore
Test Student 1536,student1536@test.gcuf.edu.pk,030015360000,BSPhysics,Physics,2024-2028,83.9,91.1,Female,Multan
Test Student 1537,student1537@test.gcuf.edu.pk,030015370000,BSPhysics,Physics,2024-2028,86.5,87.3,Female,Islamabad
Test Student 1538,student1538@test.gcuf.edu.pk,030015380000,BSPhysics,Physics,2024-2028,62.0,94.7,Female,Karachi
Test Student 1539,student1539@test.gcuf.edu.pk,030015390000,BSPhysics,Physics,2024-2028,70.8,72.3,Female,Faisalabad
Test Student 1540,student1540@test.gcuf.edu.pk,030015400000,BSPhysics,Physics,2024-2028,92.2,69.4,Male,Rawalpindi
Test Student 1541,student1541@test.gcuf.edu.pk,030015410000,BSPhysics,Physics,2024-2028,60.9,64.9,Male,Islamabad
Test Student 1542,student1542@test.gcuf.edu.pk,030015420000,BSPhysics,Physics,2024-2028,94.2,70.8,Female,Lahore
Test Student 1543,student1543@test.gcuf.edu.pk,030015430000,BSPhysics,Physics,2024-2028,81.2,74.0,Female,Faisalabad
Test Student 1544,student1544@test.gcuf.edu.pk,030015440000,BSPhysics,Physics,2024-2028,88.5,76.9,Male,Rawalpindi
Test Student 1545,student1545@test.gcuf.edu.pk,030015450000,BSPhysics,Physics,2024-2028,62.1,82.0,Female,Lahore
Test Student 1546,student1546@test.gcuf.edu.pk,030015460000,BSPhysics,Physics,2024-2028,82.9,61.0,Male,Lahore
Test Student 1547,student1547@test.gcuf.edu.pk,030015470000,BSPhysics,Physics,2024-2028,73.4,66.6,Female,Multan
Test Student 1548,student1548@test.gcuf.edu.pk,030015480000,BSPhysics,Physics,2024-2028,64.4,93.2,Female,Islamabad
Test Student 1549,student1549@test.gcuf.edu.pk,030015490000,BSPhysics,Physics,2024-2028,70.4,67.2,Male,Lahore
Test Student 1550,student1550@test.gcuf.edu.pk,030015500000,BSPhysics,Physics,2024-2028,64.7,74.7,Female,Islamabad
Test Student 1551,student1551@test.gcuf.edu.pk,030015510000,BSPhysics,Physics,2024-2028,78.0,92.6,Male,Karachi
Test Student 1552,student1552@test.gcuf.edu.pk,030015520000,BSPhysics,Physics,2024-2028,92.9,77.9,Female,Lahore
Test Student 1553,student1553@test.gcuf.edu.pk,030015530000,BSPhysics,Physics,2024-2028,62.8,75.3,Female,Rawalpindi
Test Student 1554,student1554@test.gcuf.edu.pk,030015540000,BSPhysics,Physics,2024-2028,63.7,71.9,Female,Karachi
Test Student 1555,student1555@test.gcuf.edu.pk,030015550000,BSPhysics,Physics,2024-2028,78.3,91.6,Male,Karachi
Test Student 1556,student1556@test.gcuf.edu.pk,030015560000,BSPhysics,Physics,2024-2028,64.1,83.9,Male,Karachi
Test Student 1557,student1557@test.gcuf.edu.pk,030015570000,BSPhysics,Physics,2024-2028,82.5,94.3,Male,Karachi
Test Student 1558,student1558@test.gcuf.edu.pk,030015580000,BSPhysics,Physics,2024-2028,76.3,71.5,Female,Rawalpindi
Test Student 1559,student1559@test.gcuf.edu.pk,030015590000,BSPhysics,Physics,2024-2028,94.6,90.8,Male,Karachi
Test Student 1560,student1560@test.gcuf.edu.pk,030015600000,BSPhysics,Physics,2024-2028,68.9,77.3,Male,Rawalpindi
Test Student 1561,student1561@test.gcuf.edu.pk,030015610000,BSPhysics,Physics,2024-2028,77.3,66.2,Female,Faisalabad
Test Student 1562,student1562@test.gcuf.edu.pk,030015620000,BSPhysics,Physics,2024-2028,62.7,61.7,Female,Faisalabad
Test Student 1563,student1563@test.gcuf.edu.pk,030015630000,BSPhysics,Physics,2024-2028,89.2,86.7,Female,Faisalabad
Test Student 1564,student1564@test.gcuf.edu.pk,030015640000,BSPhysics,Physics,2024-2028,67.9,79.4,Male,Karachi
Test Student 1565,student1565@test.gcuf.edu.pk,030015650000,BSPhysics,Physics,2024-2028,64.2,79.8,Female,Multan
Test Student 1566,student1566@test.gcuf.edu.pk,030015660000,BSPhysics,Physics,2024-2028,71.5,76.1,Male,Lahore
Test Student 1567,student1567@test.gcuf.edu.pk,030015670000,BSPhysics,Physics,2024-2028,88.9,80.3,Male,Islamabad
Test Student 1568,student1568@test.gcuf.edu.pk,030015680000,BSPhysics,Physics,2024-2028,69.8,68.6,Female,Rawalpindi
Test Student 1569,student1569@test.gcuf.edu.pk,030015690000,BSPhysics,Physics,2024-2028,83.8,60.2,Male,Karachi
Test Student 1570,student1570@test.gcuf.edu.pk,030015700000,BSPhysics,Physics,2024-2028,67.3,86.8,Male,Faisalabad
Test Student 1571,student1571@test.gcuf.edu.pk,030015710000,BSPhysics,Physics,2024-2028,88.7,87.8,Female,Multan
Test Student 1572,student1572@test.gcuf.edu.pk,030015720000,BSPhysics,Physics,2024-2028,74.3,79.2,Female,Rawalpindi
Test Student 1573,student1573@test.gcuf.edu.pk,030015730000,BSPhysics,Physics,2024-2028,90.8,64.8,Female,Karachi
Test Student 1574,student1574@test.gcuf.edu.pk,030015740000,BSPhysics,Physics,2024-2028,69.7,94.8,Male,Islamabad
Test Student 1575,student1575@test.gcuf.edu.pk,030015750000,BSPhysics,Physics,2024-2028,89.4,78.4,Female,Islamabad
Test Student 1576,student1576@test.gcuf.edu.pk,030015760000,BSPhysics,Physics,2024-2028,79.9,73.2,Female,Karachi
Test Student 1577,student1577@test.gcuf.edu.pk,030015770000,BSPhysics,Physics,2024-2028,75.5,60.8,Male,Lahore
Test Student 1578,student1578@test.gcuf.edu.pk,030015780000,BSPhysics,Physics,2024-2028,70.4,78.8,Male,Islamabad
Test Student 1579,student1579@test.gcuf.edu.pk,030015790000,BSPhysics,Physics,2024-2028,72.2,70.4,Male,Multan
Test Student 1580,student1580@test.gcuf.edu.pk,030015800000,BSPhysics,Physics,2024-2028,60.4,60.5,Female,Rawalpindi
Test Student 1581,student1581@test.gcuf.edu.pk,030015810000,BSPhysics,Physics,2024-2028,83.4,92.8,Female,Lahore
Test Student 1582,student1582@test.gcuf.edu.pk,030015820000,BSPhysics,Physics,2024-2028,82.6,77.4,Male,Multan
Test Student 1583,student1583@test.gcuf.edu.pk,030015830000,BSPhysics,Physics,2024-2028,72.0,80.8,Female,Multan
Test Student 1584,student1584@test.gcuf.edu.pk,030015840000,BSPhysics,Physics,2024-2028,66.0,74.4,Female,Lahore
Test Student 1585,student1585@test.gcuf.edu.pk,030015850000,BSPhysics,Physics,2024-2028,70.2,77.7,Female,Karachi
Test Student 1586,student1586@test.gcuf.edu.pk,030015860000,BSPhysics,Physics,2024-2028,71.1,73.1,Female,Rawalpindi
Test Student 1587,student1587@test.gcuf.edu.pk,030015870000,BSPhysics,Physics,2024-2028,74.1,66.6,Female,Islamabad
Test Student 1588,student1588@test.gcuf.edu.pk,030015880000,BSPhysics,Physics,2024-2028,81.1,90.6,Female,Karachi
Test Student 1589,student1589@test.gcuf.edu.pk,030015890000,BSPhysics,Physics,2024-2028,82.6,60.1,Male,Islamabad
Test Student 1590,student1590@test.gcuf.edu.pk,030015900000,BSPhysics,Physics,2024-2028,85.6,78.5,Male,Lahore
Test Student 1591,student1591@test.gcuf.edu.pk,030015910000,BSPhysics,Physics,2024-2028,61.8,63.8,Male,Rawalpindi
Test Student 1592,student1592@test.gcuf.edu.pk,030015920000,BSPhysics,Physics,2024-2028,94.9,82.3,Male,Faisalabad
Test Student 1593,student1593@test.gcuf.edu.pk,030015930000,BSPhysics,Physics,2024-2028,64.2,60.2,Female,Rawalpindi
Test Student 1594,student1594@test.gcuf.edu.pk,030015940000,BSPhysics,Physics,2024-2028,60.8,61.7,Female,Islamabad
Test Student 1595,student1595@test.gcuf.edu.pk,030015950000,BSMath,Math,2024-2028,84.2,83.6,Male,Rawalpindi
Test Student 1596,student1596@test.gcuf.edu.pk,030015960000,BSMath,Math,2024-2028,76.9,77.6,Female,Islamabad
Test Student 1597,student1597@test.gcuf.edu.pk,030015970000,BSMath,Math,2024-2028,77.9,67.0,Female,Karachi
Test Student 1598,student1598@test.gcuf.edu.pk,030015980000,BSMath,Math,2024-2028,85.1,62.5,Male,Faisalabad
Test Student 1599,student1599@test.gcuf.edu.pk,030015990000,BSMath,Math,2024-2028,66.0,61.4,Female,Multan
